<?xml version="1.0" encoding="UTF-8"?>
<!DOCTYPE mapper PUBLIC "-//mybatis.org//DTD Mapper 3.0//EN" "http://mybatis.org/dtd/mybatis-3-mapper.dtd">
<mapper namespace="CandidateGeneMapper">
	
	
	<!-- 新增-->
	<insert id="save" parameterType="pd">
		insert into TB_CANDIDATEGENESCANDIDATEGENE(
			GENEENSGENE,	
			TYPE,	
			SUMMARY,	
			SUPPLEMENT,	
			REFERENCE,	
			PMID,	
			CANDIDATEGENE_ID
		) values (
			#{GENEENSGENE},	
			#{TYPE},	
			#{SUMMARY},	
			#{SUPPLEMENT},	
			#{REFERENCE},	
			#{PMID},	
			#{CANDIDATEGENE_ID}
		)
	</insert>
	
	
	<!-- 删除-->
	<delete id="delete" parameterType="pd">
		delete from TB_CANDIDATEGENESCANDIDATEGENE
		where 
			CANDIDATEGENE_ID = #{CANDIDATEGENE_ID}
	</delete>
	
	
	<!-- 修改 -->
	<update id="edit" parameterType="pd">
		update  TB_CANDIDATEGENESCANDIDATEGENE
			set 
				GENEENSGENE = #{GENEENSGENE},
				TYPE = #{TYPE},
				SUMMARY = #{SUMMARY},
				SUPPLEMENT = #{SUPPLEMENT},
				REFERENCE = #{REFERENCE},
				PMID = #{PMID},
			CANDIDATEGENE_ID = CANDIDATEGENE_ID
			where 
				CANDIDATEGENE_ID = #{CANDIDATEGENE_ID}
	</update>
	
	
	<!-- 通过ID获取数据 -->
	<select id="findById" parameterType="pd" resultType="pd">
		select 
			GENEENSGENE,	
			TYPE,	
			SUMMARY,	
			SUPPLEMENT,	
			REFERENCE,	
			PMID,	
			CANDIDATEGENE_ID
		from 
			TB_CANDIDATEGENESCANDIDATEGENE
		where 
			CANDIDATEGENE_ID = #{CANDIDATEGENE_ID}
	</select>
	
	
	<!-- 列表 -->
	<select id="datalistPage" parameterType="page" resultType="pd">
		select
				a.GENEENSGENE,	
				a.TYPE,	
				a.SUMMARY,	
				a.SUPPLEMENT,	
				a.REFERENCE,	
				a.PMID,	
				a.CANDIDATEGENE_ID
		from 
				TB_CANDIDATEGENESCANDIDATEGENE a
	</select>
	
	<!-- 列表(全部) -->
	<select id="listAll" parameterType="pd" resultType="pd">
		select
				a.GENEENSGENE,	
				a.TYPE,	
				a.SUMMARY,	
				a.SUPPLEMENT,	
				a.REFERENCE,	
				a.PMID,	
				a.CANDIDATEGENE_ID
		from 
				TB_CANDIDATEGENESCANDIDATEGENE a
	</select>
	
	<!-- 批量删除 -->
	<delete id="deleteAll" parameterType="String">
		delete from TB_CANDIDATEGENESCANDIDATEGENE
		where 
			CANDIDATEGENE_ID in
		<foreach item="item" index="index" collection="array" open="(" separator="," close=")">
                 #{item}
		</foreach>
	</delete>
	
</mapper>